{
    "allrooms": [
        {
            "RoomName": "Save 1",
            "objects": [
                {
                    "position": {
                        "x": 0.20065343379974366,
                        "y": -0.5482892394065857,
                        "z": 0.17386049032211305
                    },
                    "rotation": {
                        "x": 0.0,
                        "y": 0.0,
                        "z": 0.0,
                        "w": 1.0
                    },
                    "size": {
                        "x": 1.0,
                        "y": 1.0,
                        "z": 1.0
                    },
                    "ObjectIndex": 0
                },
                {
                    "position": {
                        "x": -0.7749999761581421,
                        "y": -0.25,
                        "z": 0.0
                    },
                    "rotation": {
                        "x": 0.0,
                        "y": 0.0,
                        "z": 0.0,
                        "w": 1.0
                    },
                    "size": {
                        "x": 1.0,
                        "y": 1.0,
                        "z": 1.0
                    },
                    "ObjectIndex": 1
                },
                {
                    "position": {
                        "x": -0.9750000238418579,
                        "y": -0.25,
                        "z": 0.0
                    },
                    "rotation": {
                        "x": 0.0,
                        "y": 0.0,
                        "z": 0.0,
                        "w": 1.0
                    },
                    "size": {
                        "x": 1.0,
                        "y": 1.0,
                        "z": 1.0
                    },
                    "ObjectIndex": 2
                }
            ]
        }
    ]
}